[{"assetType":"PolicyAction","assetObject":{"name":"Policy Action [Validate API Specification] -> Policy For API ContactManagementAPI[1.0.0-mock]","id":"1d0fdbc6-cb00-493a-bda9-a402969945e9","status":"Success","explanation":"OK","warning":false}},{"assetType":"PolicyAction","assetObject":{"name":"Policy Action [Validate API Specification] -> Policy For API ContactManagementAPI[1.0.0-mock]","id":"ef989957-d220-4384-9ba2-d9026e079a62","status":"Success","explanation":"OK","warning":false}},{"assetType":"PolicyAction","assetObject":{"name":"Policy Action [Straight Through Routing] -> Policy For API ContactManagementAPI[1.0.0-mock]","id":"0c4ead93-19e0-4a53-9089-73af1ea39112","status":"Success","explanation":"OK","warning":false}},{"assetType":"Policy","assetObject":{"name":"Policy For API ContactManagementAPI[1.0.0-mock]","id":"fb587076-2a55-452e-83de-0ad7a0525ea6","status":"Success","explanation":"OK","warning":false}},{"assetType":"PolicyAction","assetObject":{"name":"Policy Action [Enable HTTP / HTTPS] -> Policy For API ContactManagementAPI[1.0.0-mock]","id":"f6800419-dfa6-41f9-baec-13299f65a157","status":"Success","explanation":"OK","warning":false}},{"assetType":"API","assetObject":{"name":"ContactManagementAPI[1.0.0-mock]","id":"8170d3c6-a10d-4a4e-892e-f08409de5fa5","status":"Success","explanation":"OK","warning":false}}]