[{"assetType":"Policy","assetObject":{"name":"Policy For API ContactManagementAPI[1.0.0]","id":"d7c31de2-3d09-44cc-aa50-cc32a11822ac","status":"Success","explanation":"OK","warning":false}},{"assetType":"PolicyAction","assetObject":{"name":"Policy Action [Enable HTTP / HTTPS] -> Policy For API ContactManagementAPI[1.0.0]","id":"25aa3fc1-d0b3-44ca-8f65-b2ff42a06d6e","status":"Success","explanation":"OK","warning":false}},{"assetType":"PassmanData","assetObject":{"name":"HTTP_AUTH_OUTBOUND_CLIENT_PWDcontactManagementBackendCredentials","id":"HTTP_AUTH_OUTBOUND_CLIENT_PWDcontactManagementBackendCredentials","status":"Success","explanation":"OK","warning":false}},{"assetType":"PolicyAction","assetObject":{"name":"Policy Action [Validate API Specification] -> Policy For API ContactManagementAPI[1.0.0]","id":"a69a65d4-f70d-4a14-b136-402f21f36ee5","status":"Success","explanation":"OK","warning":false}},{"assetType":"PolicyAction","assetObject":{"name":"Policy Action [Outbound Auth - Transport] -> Policy For API ContactManagementAPI[1.0.0]","id":"60f784b0-8606-4a99-a6a4-fb0c37bc00c9","status":"Success","explanation":"OK","warning":false}},{"assetType":"PolicyAction","assetObject":{"name":"Policy Action [Straight Through Routing] -> Policy For API ContactManagementAPI[1.0.0]","id":"76cca089-5f42-4702-abb5-1df54ff30ee2","status":"Success","explanation":"OK","warning":false}},{"assetType":"API","assetObject":{"name":"ContactManagementAPI[1.0.0]","id":"ecee7118-1965-4f59-93af-cea1f2d88a5e","status":"Success","explanation":"OK","warning":false}},{"assetType":"PolicyAction","assetObject":{"name":"Policy Action [Monitor Performance] -> Policy For API ContactManagementAPI[1.0.0]","id":"388c9b0b-8eba-492f-b769-d8610edcea5b","status":"Success","explanation":"OK","warning":false}},{"assetType":"Alias","assetObject":{"name":"contactManagementBackendUrl","id":"23fca06d-2bde-4114-9285-52abfde7f38e","status":"Success","explanation":"OK","warning":false}},{"assetType":"PolicyAction","assetObject":{"name":"Policy Action [Monitor Performance] -> Policy For API ContactManagementAPI[1.0.0]","id":"cfaed8ce-4ed7-42c4-bebd-670cb5ea0fc6","status":"Success","explanation":"OK","warning":false}},{"assetType":"PolicyAction","assetObject":{"name":"Policy Action [Set Media Type] -> Policy For API ContactManagementAPI[1.0.0]","id":"f66e9dea-b7cb-48e7-8d50-a08d07b45842","status":"Success","explanation":"OK","warning":false}},{"assetType":"Alias","assetObject":{"name":"contactManagementBackendCredentials","id":"c0f28484-4528-4980-b513-1c142b678a3c","status":"Success","explanation":"OK","warning":false}}]